time,temperature,humidity
2020/5/4 0:00,24,92
2020/5/4 0:01,24,92
2020/5/4 0:02,24,92
2020/5/4 0:03,24,92
2020/5/4 0:04,24,92
2020/5/4 0:05,24,92
2020/5/4 0:06,24,92
2020/5/4 0:07,24,92
2020/5/4 0:08,24,92
2020/5/4 0:09,24,92
2020/5/4 0:10,24,92
2020/5/4 0:11,24,93
2020/5/4 0:12,24,92
2020/5/4 0:13,24,92
2020/5/4 0:14,24,93
2020/5/4 0:15,24,93
2020/5/4 0:16,24,93
2020/5/4 0:16,24,93
2020/5/4 0:17,24,92
2020/5/4 0:18,24,92
2020/5/4 0:19,24,92
2020/5/4 0:20,24,93
2020/5/4 0:21,24,93
2020/5/4 0:22,24,93
2020/5/4 0:23,24,93
2020/5/4 0:24,24,93
2020/5/4 0:25,24,93
2020/5/4 0:26,24,93
2020/5/4 0:27,24,93
2020/5/4 0:28,24,93
2020/5/4 0:29,24,93
2020/5/4 0:30,24,92
2020/5/4 0:31,24,93
2020/5/4 0:32,24,93
2020/5/4 0:33,24,92
2020/5/4 0:34,24,92
2020/5/4 0:35,24,92
2020/5/4 0:36,24,92
2020/5/4 0:37,24,92
2020/5/4 0:38,24,92
2020/5/4 0:39,24,92
2020/5/4 0:40,24,92
2020/5/4 0:41,24,92
2020/5/4 0:42,24,92
2020/5/4 0:43,24,93
2020/5/4 0:44,24,93
2020/5/4 0:45,24,93
2020/5/4 0:46,24,93
2020/5/4 0:47,24,93
2020/5/4 0:48,24,93
2020/5/4 0:49,24,94
2020/5/4 0:50,24,94
2020/5/4 0:51,24,94
2020/5/4 0:52,24,94
2020/5/4 0:53,24,94
2020/5/4 0:54,24,94
2020/5/4 0:55,24,94
2020/5/4 0:56,24,94
2020/5/4 0:57,24,94
2020/5/4 0:58,24,94
2020/5/4 0:59,24,94
2020/5/4 1:00,24,94
2020/5/4 1:01,24,94
2020/5/4 1:02,24,94
2020/5/4 1:03,24,94
2020/5/4 1:04,24,95
2020/5/4 1:05,24,94
2020/5/4 1:06,24,94
2020/5/4 1:07,24,94
2020/5/4 1:08,24,94
2020/5/4 1:09,24,94
2020/5/4 1:10,24,94
2020/5/4 1:11,24,94
2020/5/4 1:12,23,94
2020/5/4 1:13,24,94
2020/5/4 1:14,24,94
2020/5/4 1:15,24,94
2020/5/4 1:16,24,93
2020/5/4 1:17,24,94
2020/5/4 1:18,24,94
2020/5/4 1:19,24,93
2020/5/4 1:20,24,93
2020/5/4 1:21,24,93
2020/5/4 1:22,24,93
2020/5/4 1:23,24,93
2020/5/4 1:24,24,93
2020/5/4 1:25,24,93
2020/5/4 1:26,23,93
2020/5/4 1:27,24,94
2020/5/4 1:28,24,93
2020/5/4 1:29,24,93
2020/5/4 1:30,24,93
2020/5/4 1:31,24,93
2020/5/4 1:32,24,93
2020/5/4 1:33,24,93
2020/5/4 1:34,24,93
2020/5/4 1:35,24,93
2020/5/4 1:36,24,93
2020/5/4 1:37,24,93
2020/5/4 1:38,24,93
2020/5/4 1:39,24,93
2020/5/4 1:40,24,93
2020/5/4 1:41,24,93
2020/5/4 1:42,24,93
2020/5/4 1:43,24,92
2020/5/4 1:44,24,93
2020/5/4 1:45,24,93
2020/5/4 1:46,24,93
2020/5/4 1:47,24,92
2020/5/4 1:48,24,92
2020/5/4 1:49,24,92
2020/5/4 1:50,24,92
2020/5/4 1:51,24,92
2020/5/4 1:52,24,92
2020/5/4 1:53,24,93
2020/5/4 1:54,24,92
2020/5/4 1:55,24,92
2020/5/4 1:56,24,93
2020/5/4 1:57,24,93
2020/5/4 1:58,24,93
2020/5/4 1:59,24,93
2020/5/4 2:00,24,93
2020/5/4 2:01,24,93
2020/5/4 2:02,24,93
2020/5/4 2:03,24,93
2020/5/4 2:04,24,93
2020/5/4 2:05,24,93
2020/5/4 2:06,24,92
2020/5/4 2:07,24,92
2020/5/4 2:08,24,92
2020/5/4 2:09,24,93
2020/5/4 2:10,24,93
2020/5/4 2:11,24,93
2020/5/4 2:12,24,93
2020/5/4 2:13,24,93
2020/5/4 2:14,24,93
2020/5/4 2:15,24,93
2020/5/4 2:16,24,93
2020/5/4 2:17,24,93
2020/5/4 2:18,24,93
2020/5/4 2:18,24,92
2020/5/4 2:19,24,93
2020/5/4 2:20,24,92
2020/5/4 2:21,24,93
2020/5/4 2:22,24,93
2020/5/4 2:23,24,93
2020/5/4 2:24,24,93
2020/5/4 2:25,24,93
2020/5/4 2:26,24,93
2020/5/4 2:27,24,92
2020/5/4 2:28,24,92
2020/5/4 2:29,24,92
2020/5/4 2:30,24,92
2020/5/4 2:31,24,93
2020/5/4 2:32,24,92
2020/5/4 2:33,24,92
2020/5/4 2:34,24,93
2020/5/4 2:35,24,92
2020/5/4 2:36,24,92
2020/5/4 2:37,24,92
2020/5/4 2:38,24,92
2020/5/4 2:39,24,93
2020/5/4 2:40,24,92
2020/5/4 2:41,24,92
2020/5/4 2:42,24,92
2020/5/4 2:43,24,92
2020/5/4 2:44,24,92
2020/5/4 2:45,24,92
2020/5/4 2:46,24,92
2020/5/4 2:47,24,92
2020/5/4 2:48,24,93
2020/5/4 2:49,24,92
2020/5/4 2:50,24,92
2020/5/4 2:51,24,92
2020/5/4 2:52,24,92
2020/5/4 2:53,24,92
2020/5/4 2:54,24,92
2020/5/4 2:55,24,92
2020/5/4 2:56,24,92
2020/5/4 2:57,24,92
2020/5/4 2:58,24,92
2020/5/4 2:59,24,92
2020/5/4 3:00,24,93
2020/5/4 3:01,24,92
2020/5/4 3:02,24,93
2020/5/4 3:03,24,93
2020/5/4 3:04,24,92
2020/5/4 3:05,24,92
2020/5/4 3:06,24,92
2020/5/4 3:07,24,93
2020/5/4 3:08,24,92
2020/5/4 3:09,24,92
2020/5/4 3:10,24,92
2020/5/4 3:11,24,93
2020/5/4 3:12,24,93
2020/5/4 3:13,24,93
2020/5/4 3:14,23,93
2020/5/4 3:15,24,93
2020/5/4 3:16,24,93
2020/5/4 3:17,24,93
2020/5/4 3:18,24,92
2020/5/4 3:19,24,92
2020/5/4 3:20,24,93
2020/5/4 3:21,24,93
2020/5/4 3:22,24,92
2020/5/4 3:23,24,93
2020/5/4 3:24,24,93
2020/5/4 3:25,23,93
2020/5/4 3:26,24,93
2020/5/4 3:27,24,93
2020/5/4 3:28,24,93
2020/5/4 3:29,23,93
2020/5/4 3:30,24,93
2020/5/4 3:31,24,93
2020/5/4 3:32,24,93
2020/5/4 3:33,24,93
2020/5/4 3:34,23,93
2020/5/4 3:35,24,93
2020/5/4 3:36,24,92
2020/5/4 3:37,24,92
2020/5/4 3:38,24,92
2020/5/4 3:39,24,92
2020/5/4 3:40,24,92
2020/5/4 3:41,24,93
2020/5/4 3:42,23,93
2020/5/4 3:43,23,93
2020/5/4 3:44,23,93
2020/5/4 3:45,23,93
2020/5/4 3:46,23,93
2020/5/4 3:47,23,93
2020/5/4 3:48,23,93
2020/5/4 3:49,23,93
2020/5/4 3:50,23,93
2020/5/4 3:51,23,93
2020/5/4 3:52,23,93
2020/5/4 3:53,23,93
2020/5/4 3:54,23,93
2020/5/4 3:55,23,92
2020/5/4 3:56,23,92
2020/5/4 3:57,23,93
2020/5/4 3:58,23,92
2020/5/4 3:59,23,92
2020/5/4 4:00,23,92
2020/5/4 4:01,23,93
2020/5/4 4:02,23,92
2020/5/4 4:03,23,92
2020/5/4 4:04,23,92
2020/5/4 4:05,23,92
2020/5/4 4:06,23,93
2020/5/4 4:07,23,92
2020/5/4 4:08,23,93
2020/5/4 4:09,23,93
2020/5/4 4:10,24,92
2020/5/4 4:11,23,92
2020/5/4 4:12,24,92
2020/5/4 4:13,23,92
2020/5/4 4:14,23,92
2020/5/4 4:15,23,92
2020/5/4 4:16,23,92
2020/5/4 4:17,23,92
2020/5/4 4:18,24,92
2020/5/4 4:19,24,92
2020/5/4 4:19,23,92
2020/5/4 4:20,23,92
2020/5/4 4:21,24,92
2020/5/4 4:22,24,92
2020/5/4 4:23,23,92
2020/5/4 4:24,23,92
2020/5/4 4:25,23,92
2020/5/4 4:26,24,92
2020/5/4 4:27,23,92
2020/5/4 4:28,23,92
2020/5/4 4:29,23,93
2020/5/4 4:30,23,93
2020/5/4 4:31,23,93
2020/5/4 4:32,23,93
2020/5/4 4:33,23,93
2020/5/4 4:34,23,93
2020/5/4 4:35,23,93
2020/5/4 4:36,23,93
2020/5/4 4:37,23,93
2020/5/4 4:38,23,93
2020/5/4 4:39,23,93
2020/5/4 4:40,23,93
2020/5/4 4:41,23,93
2020/5/4 4:42,23,93
2020/5/4 4:43,23,93
2020/5/4 4:44,23,93
2020/5/4 4:45,23,93
2020/5/4 4:46,23,93
2020/5/4 4:47,23,93
2020/5/4 4:48,23,93
2020/5/4 4:49,23,93
2020/5/4 4:50,23,93
2020/5/4 4:51,23,93
2020/5/4 4:52,23,93
2020/5/4 4:53,23,93
2020/5/4 4:54,23,93
2020/5/4 4:55,23,93
2020/5/4 4:56,23,93
2020/5/4 4:57,23,93
2020/5/4 4:58,23,93
2020/5/4 4:59,23,94
2020/5/4 5:00,23,94
2020/5/4 5:01,23,94
2020/5/4 5:02,23,94
2020/5/4 5:03,23,94
2020/5/4 5:04,23,94
2020/5/4 5:05,23,94
2020/5/4 5:06,23,94
2020/5/4 5:07,23,94
2020/5/4 5:08,23,94
2020/5/4 5:09,23,94
2020/5/4 5:10,23,94
2020/5/4 5:11,23,94
2020/5/4 5:12,23,94
2020/5/4 5:13,23,94
2020/5/4 5:14,23,94
2020/5/4 5:15,23,94
2020/5/4 5:16,23,95
2020/5/4 5:17,23,94
2020/5/4 5:18,23,95
2020/5/4 5:19,23,95
2020/5/4 5:20,23,95
2020/5/4 5:21,23,95
2020/5/4 5:22,23,95
2020/5/4 5:23,23,95
2020/5/4 5:24,23,95
2020/5/4 5:25,23,95
2020/5/4 5:26,23,94
2020/5/4 5:27,23,94
2020/5/4 5:28,23,94
2020/5/4 5:29,23,94
2020/5/4 5:30,23,94
2020/5/4 5:31,23,94
2020/5/4 5:32,23,94
2020/5/4 5:33,23,94
2020/5/4 5:34,23,94
2020/5/4 5:35,23,94
2020/5/4 5:36,23,94
2020/5/4 5:37,23,94
2020/5/4 5:38,23,94
2020/5/4 5:39,23,94
2020/5/4 5:40,23,93
2020/5/4 5:41,23,93
2020/5/4 5:42,23,93
2020/5/4 5:43,23,93
2020/5/4 5:44,24,93
2020/5/4 5:45,23,93
2020/5/4 5:46,23,93
2020/5/4 5:47,23,93
2020/5/4 5:48,23,93
2020/5/4 5:49,23,92
2020/5/4 5:50,23,93
2020/5/4 5:51,23,93
2020/5/4 5:52,24,93
2020/5/4 5:53,23,93
2020/5/4 5:54,23,93
2020/5/4 5:55,23,93
2020/5/4 5:56,23,93
2020/5/4 5:57,23,92
2020/5/4 5:58,23,92
2020/5/4 5:59,23,92
2020/5/4 6:00,23,92
2020/5/4 6:01,23,92
2020/5/4 6:02,23,93
2020/5/4 6:03,23,92
2020/5/4 6:04,23,92
2020/5/4 6:05,23,92
2020/5/4 6:06,23,92
2020/5/4 6:07,23,92
2020/5/4 6:08,23,92
2020/5/4 6:09,23,92
2020/5/4 6:10,23,92
2020/5/4 6:11,23,92
2020/5/4 6:12,23,92
2020/5/4 6:13,23,92
2020/5/4 6:14,24,92
2020/5/4 6:15,24,92
2020/5/4 6:16,24,91
2020/5/4 6:17,24,92
2020/5/4 6:18,24,91
2020/5/4 6:19,24,91
2020/5/4 6:20,24,91
2020/5/4 6:20,24,91
2020/5/4 6:21,24,91
2020/5/4 6:22,24,91
2020/5/4 6:23,24,91
2020/5/4 6:24,24,90
2020/5/4 6:25,24,90
2020/5/4 6:26,24,90
2020/5/4 6:27,24,90
2020/5/4 6:28,24,90
2020/5/4 6:29,24,90
2020/5/4 6:30,24,90
2020/5/4 6:31,24,90
2020/5/4 6:32,24,90
2020/5/4 6:33,24,90
2020/5/4 6:34,24,90
2020/5/4 6:35,24,89
2020/5/4 6:36,24,89
2020/5/4 6:37,24,89
2020/5/4 6:38,24,89
2020/5/4 6:39,24,89
2020/5/4 6:40,24,88
2020/5/4 6:41,24,88
2020/5/4 6:42,24,88
2020/5/4 6:43,24,88
2020/5/4 6:44,24,88
2020/5/4 6:45,24,88
2020/5/4 6:46,24,88
2020/5/4 6:47,24,88
2020/5/4 6:48,24,88
2020/5/4 6:49,24,88
2020/5/4 6:50,24,88
2020/5/4 6:51,24,87
2020/5/4 6:52,24,88
2020/5/4 6:53,24,87
2020/5/4 6:54,25,87
2020/5/4 6:55,25,87
2020/5/4 6:56,24,87
2020/5/4 6:57,25,87
2020/5/4 6:58,25,87
2020/5/4 6:59,25,86
2020/5/4 7:00,25,87
2020/5/4 7:01,25,87
2020/5/4 7:02,25,86
2020/5/4 7:03,25,86
2020/5/4 7:04,25,86
2020/5/4 7:05,25,86
2020/5/4 7:06,25,86
2020/5/4 7:07,25,87
2020/5/4 7:08,25,86
2020/5/4 7:09,25,86
2020/5/4 7:10,25,86
2020/5/4 7:11,25,86
2020/5/4 7:12,25,85
2020/5/4 7:13,25,85
2020/5/4 7:14,25,85
2020/5/4 7:15,25,85
2020/5/4 7:16,25,84
2020/5/4 7:17,25,84
2020/5/4 7:18,25,84
2020/5/4 7:19,25,84
2020/5/4 7:20,26,85
2020/5/4 7:21,26,84
2020/5/4 7:22,26,84
2020/5/4 7:23,26,84
2020/5/4 7:24,26,84
2020/5/4 7:25,26,83
2020/5/4 7:26,26,83
2020/5/4 7:27,26,83
2020/5/4 7:28,26,83
2020/5/4 7:29,26,84
2020/5/4 7:30,26,84
2020/5/4 7:31,26,84
2020/5/4 7:32,26,83
2020/5/4 7:33,26,83
2020/5/4 7:34,26,83
2020/5/4 7:35,26,83
2020/5/4 7:36,26,82
2020/5/4 7:37,26,82
2020/5/4 7:38,26,82
2020/5/4 7:39,26,82
2020/5/4 7:40,26,81
2020/5/4 7:41,26,81
2020/5/4 7:42,26,81
2020/5/4 7:43,26,81
2020/5/4 7:44,26,81
2020/5/4 7:45,26,81
2020/5/4 7:46,26,81
2020/5/4 7:47,26,81
2020/5/4 7:48,27,81
2020/5/4 7:49,26,81
2020/5/4 7:50,27,80
2020/5/4 7:51,26,81
2020/5/4 7:52,26,81
2020/5/4 7:53,27,80
2020/5/4 7:54,27,81
2020/5/4 7:55,27,81
2020/5/4 7:56,27,81
2020/5/4 7:57,27,80
2020/5/4 7:58,27,80
2020/5/4 7:59,27,80
2020/5/4 8:00,27,80
2020/5/4 8:01,27,79
2020/5/4 8:02,27,80
2020/5/4 8:03,27,80
2020/5/4 8:04,27,79
2020/5/4 8:05,27,79
2020/5/4 8:06,27,80
2020/5/4 8:07,27,79
2020/5/4 8:08,27,79
2020/5/4 8:09,27,79
2020/5/4 8:10,27,79
2020/5/4 8:11,27,79
2020/5/4 8:12,27,79
2020/5/4 8:13,27,79
2020/5/4 8:14,27,78
2020/5/4 8:15,27,77
2020/5/4 8:16,27,78
2020/5/4 8:17,27,77
2020/5/4 8:18,27,77
2020/5/4 8:19,27,77
2020/5/4 8:19,28,78
2020/5/4 8:20,28,77
2020/5/4 8:21,28,77
2020/5/4 8:22,28,77
2020/5/4 8:23,28,77
2020/5/4 8:24,28,77
2020/5/4 8:25,28,77
2020/5/4 8:26,28,77
2020/5/4 8:27,28,77
2020/5/4 8:28,28,76
2020/5/4 8:29,28,76
2020/5/4 8:30,28,76
2020/5/4 8:31,28,75
2020/5/4 8:32,28,76
2020/5/4 8:33,28,78
2020/5/4 8:34,28,77
2020/5/4 8:35,28,76
2020/5/4 8:36,28,75
2020/5/4 8:37,28,76
2020/5/4 8:38,28,76
2020/5/4 8:39,28,76
2020/5/4 8:40,28,76
2020/5/4 8:41,28,75
2020/5/4 8:42,28,75
2020/5/4 8:43,28,76
2020/5/4 8:44,28,75
2020/5/4 8:45,28,75
2020/5/4 8:46,28,75
2020/5/4 8:47,28,76
2020/5/4 8:48,28,75
2020/5/4 8:49,29,75
2020/5/4 8:50,29,74
2020/5/4 8:51,28,74
2020/5/4 8:52,28,73
2020/5/4 8:53,28,74
2020/5/4 8:54,29,75
2020/5/4 8:55,29,74
2020/5/4 8:56,28,74
2020/5/4 8:57,28,74
2020/5/4 8:58,29,76
2020/5/4 8:59,29,75
2020/5/4 9:00,29,74
2020/5/4 9:01,29,74
2020/5/4 9:02,29,74
2020/5/4 9:03,29,74
2020/5/4 9:04,29,73
2020/5/4 9:05,29,73
2020/5/4 9:06,29,72
2020/5/4 9:07,29,72
2020/5/4 9:08,29,72
2020/5/4 9:09,29,72
2020/5/4 9:10,29,71
2020/5/4 9:11,29,71
2020/5/4 9:12,29,72
2020/5/4 9:13,29,72
2020/5/4 9:14,29,72
2020/5/4 9:15,29,72
2020/5/4 9:16,28,72
2020/5/4 9:17,29,74
2020/5/4 9:18,29,73
2020/5/4 9:19,29,74
2020/5/4 9:20,29,74
2020/5/4 9:21,29,73
2020/5/4 9:22,29,73
2020/5/4 9:23,29,73
2020/5/4 9:24,29,74
2020/5/4 9:25,29,73
2020/5/4 9:26,29,73
2020/5/4 9:27,29,73
2020/5/4 9:28,29,72
2020/5/4 9:29,29,71
2020/5/4 9:30,29,71
2020/5/4 9:31,29,72
2020/5/4 9:32,29,72
2020/5/4 9:33,29,72
2020/5/4 9:34,30,71
2020/5/4 9:35,29,71
2020/5/4 9:36,29,71
2020/5/4 9:37,30,71
2020/5/4 9:38,29,70
2020/5/4 9:39,29,72
2020/5/4 9:40,29,71
2020/5/4 9:41,30,70
2020/5/4 9:42,30,69
2020/5/4 9:43,30,70
2020/5/4 9:44,30,68
2020/5/4 9:45,30,70
2020/5/4 9:46,30,70
2020/5/4 9:47,30,70
2020/5/4 9:48,30,70
2020/5/4 9:49,30,69
2020/5/4 9:50,30,70
2020/5/4 9:51,30,69
2020/5/4 9:52,30,71
2020/5/4 9:53,30,70
2020/5/4 9:54,30,71
2020/5/4 9:55,30,70
2020/5/4 9:56,30,70
2020/5/4 9:57,30,69
2020/5/4 9:58,30,70
2020/5/4 9:59,30,69
2020/5/4 10:00,30,70
2020/5/4 10:01,30,69
2020/5/4 10:02,30,69
2020/5/4 10:03,30,68
2020/5/4 10:04,30,68
2020/5/4 10:05,30,67
2020/5/4 10:06,30,67
2020/5/4 10:07,30,69
2020/5/4 10:08,31,69
2020/5/4 10:09,30,68
2020/5/4 10:09,31,68
2020/5/4 10:10,31,68
2020/5/4 10:11,31,67
2020/5/4 10:12,31,67
2020/5/4 10:13,31,68
2020/5/4 10:14,31,68
2020/5/4 10:15,31,67
2020/5/4 10:16,31,68
2020/5/4 10:17,31,67
2020/5/4 10:18,31,68
2020/5/4 10:19,31,68
2020/5/4 10:20,31,67
2020/5/4 10:21,31,67
2020/5/4 10:22,31,66
2020/5/4 10:23,31,66
2020/5/4 10:24,31,67
2020/5/4 10:25,31,67
2020/5/4 10:26,31,66
2020/5/4 10:27,31,66
2020/5/4 10:28,31,67
2020/5/4 10:29,31,66
2020/5/4 10:30,31,67
2020/5/4 10:31,31,66
2020/5/4 10:32,31,65
2020/5/4 10:33,31,65
2020/5/4 10:34,31,65
2020/5/4 10:35,31,64
2020/5/4 10:36,32,65
2020/5/4 10:37,32,64
2020/5/4 10:38,32,63
2020/5/4 10:39,32,64
2020/5/4 10:40,31,64
2020/5/4 10:41,32,66
2020/5/4 10:42,32,64
2020/5/4 10:43,31,66
2020/5/4 10:44,31,64
2020/5/4 10:45,31,66
2020/5/4 10:46,31,66
2020/5/4 10:47,31,66
2020/5/4 10:48,31,65
2020/5/4 10:49,31,65
2020/5/4 10:50,31,64
2020/5/4 10:51,32,64
2020/5/4 10:52,32,64
2020/5/4 10:53,32,63
2020/5/4 10:54,32,63
2020/5/4 10:55,32,63
2020/5/4 10:56,32,63
2020/5/4 10:57,32,61
2020/5/4 10:58,33,61
2020/5/4 10:59,33,61
2020/5/4 11:00,33,61
2020/5/4 11:01,33,61
2020/5/4 11:02,33,61
2020/5/4 11:03,32,62
2020/5/4 11:04,32,64
2020/5/4 11:05,32,63
2020/5/4 11:06,32,64
2020/5/4 11:07,32,64
2020/5/4 11:08,32,62
2020/5/4 11:09,32,61
2020/5/4 11:10,33,61
2020/5/4 11:11,33,61
2020/5/4 11:12,33,59
2020/5/4 11:13,33,60
2020/5/4 11:14,33,61
2020/5/4 11:15,32,64
2020/5/4 11:16,32,65
2020/5/4 11:17,31,65
2020/5/4 11:18,32,64
2020/5/4 11:19,32,63
2020/5/4 11:20,33,62
2020/5/4 11:21,32,64
2020/5/4 11:22,33,61
2020/5/4 11:23,33,62
2020/5/4 11:24,33,62
2020/5/4 11:25,33,60
2020/5/4 11:26,33,61
2020/5/4 11:27,33,62
2020/5/4 11:28,33,61
2020/5/4 11:29,33,60
2020/5/4 11:30,33,62
2020/5/4 11:31,33,62
2020/5/4 11:32,33,63
2020/5/4 11:33,33,63
2020/5/4 11:34,33,61
2020/5/4 11:35,33,61
2020/5/4 11:36,32,62
2020/5/4 11:37,33,62
2020/5/4 11:38,33,61
2020/5/4 11:39,33,61
2020/5/4 11:40,34,57
2020/5/4 11:41,34,57
2020/5/4 11:42,33,60
2020/5/4 11:43,32,61
2020/5/4 11:44,33,62
2020/5/4 11:45,33,60
2020/5/4 11:46,34,57
2020/5/4 11:47,33,59
2020/5/4 11:48,33,61
2020/5/4 11:49,33,61
2020/5/4 11:50,34,58
2020/5/4 11:51,33,59
2020/5/4 11:52,33,60
2020/5/4 11:53,34,58
2020/5/4 11:54,34,56
2020/5/4 11:55,33,58
2020/5/4 11:56,33,60
2020/5/4 11:57,33,59
2020/5/4 11:58,34,59
2020/5/4 11:59,34,59
2020/5/4 12:00,34,59
2020/5/4 12:01,33,58
2020/5/4 12:02,33,59
2020/5/4 12:03,34,59
2020/5/4 12:04,34,57
2020/5/4 12:05,33,60
2020/5/4 12:06,33,60
2020/5/4 12:07,33,60
2020/5/4 12:08,33,62
2020/5/4 12:09,33,62
2020/5/4 12:10,34,59
2020/5/4 12:11,34,56
2020/5/4 12:12,34,55
2020/5/4 12:12,34,56
2020/5/4 12:13,34,57
2020/5/4 12:14,35,54
2020/5/4 12:15,35,52
2020/5/4 12:16,35,52
2020/5/4 12:17,34,55
2020/5/4 12:18,33,59
2020/5/4 12:19,33,60
2020/5/4 12:20,34,56
2020/5/4 12:21,35,54
2020/5/4 12:22,34,55
2020/5/4 12:23,33,59
2020/5/4 12:24,34,57
2020/5/4 12:25,35,53
2020/5/4 12:26,34,55
2020/5/4 12:27,36,51
2020/5/4 12:28,35,54
2020/5/4 12:29,35,55
2020/5/4 12:30,34,55
2020/5/4 12:31,35,54
2020/5/4 12:32,34,57
2020/5/4 12:33,35,54
2020/5/4 12:34,35,53
2020/5/4 12:35,35,53
2020/5/4 12:36,34,55
2020/5/4 12:37,34,55
2020/5/4 12:38,36,51
2020/5/4 12:39,37,47
2020/5/4 12:40,36,50
2020/5/4 12:41,36,48
2020/5/4 12:42,36,50
2020/5/4 12:43,36,48
2020/5/4 12:44,38,44
2020/5/4 12:45,39,42
2020/5/4 12:46,39,43
2020/5/4 12:47,40,40
2020/5/4 12:48,39,42
2020/5/4 12:49,39,41
2020/5/4 12:50,39,40
2020/5/4 12:51,39,43
2020/5/4 12:52,40,40
2020/5/4 12:53,38,43
2020/5/4 12:54,38,44
2020/5/4 12:55,36,49
2020/5/4 12:56,36,50
2020/5/4 12:57,37,45
2020/5/4 12:58,38,45
2020/5/4 12:59,37,45
2020/5/4 13:00,38,45
2020/5/4 13:01,38,42
2020/5/4 13:02,38,44
2020/5/4 13:03,38,43
2020/5/4 13:04,38,46
2020/5/4 13:05,37,45
2020/5/4 13:06,38,43
2020/5/4 13:07,38,43
2020/5/4 13:08,37,47
2020/5/4 13:09,37,46
2020/5/4 13:10,37,47
2020/5/4 13:11,37,44
2020/5/4 13:12,35,50
2020/5/4 13:13,35,51
2020/5/4 13:14,35,52
2020/5/4 13:15,35,52
2020/5/4 13:16,35,50
2020/5/4 13:17,35,50
2020/5/4 13:18,36,50
2020/5/4 13:19,36,50
2020/5/4 13:20,37,46
2020/5/4 13:21,37,45
2020/5/4 13:22,35,49
2020/5/4 13:23,35,52
2020/5/4 13:24,35,50
2020/5/4 13:25,36,50
2020/5/4 13:26,37,47
2020/5/4 13:27,38,44
2020/5/4 13:28,39,42
2020/5/4 13:29,39,42
2020/5/4 13:30,39,42
2020/5/4 13:31,40,41
2020/5/4 13:32,40,39
2020/5/4 13:33,41,37
2020/5/4 13:34,40,39
2020/5/4 13:35,39,40
2020/5/4 13:36,39,40
2020/5/4 13:37,39,42
2020/5/4 13:38,39,41
2020/5/4 13:39,39,40
2020/5/4 13:40,38,44
2020/5/4 13:41,38,44
2020/5/4 13:42,38,44
2020/5/4 13:43,39,43
2020/5/4 13:44,38,42
2020/5/4 13:45,39,42
2020/5/4 13:46,39,42
2020/5/4 13:47,40,39
2020/5/4 13:48,41,38
2020/5/4 13:49,41,38
2020/5/4 13:50,42,36
2020/5/4 13:51,43,36
2020/5/4 13:52,43,36
2020/5/4 13:53,41,37
2020/5/4 13:54,41,38
2020/5/4 13:55,41,38
2020/5/4 13:56,40,37
2020/5/4 13:57,38,43
2020/5/4 13:58,38,44
2020/5/4 13:59,38,44
2020/5/4 14:00,39,41
2020/5/4 14:01,39,40
2020/5/4 14:02,39,42
2020/5/4 14:03,38,43
2020/5/4 14:04,37,44
2020/5/4 14:05,37,45
2020/5/4 14:06,37,44
2020/5/4 14:07,38,45
2020/5/4 14:08,38,41
2020/5/4 14:09,39,41
2020/5/4 14:10,39,41
2020/5/4 14:11,38,41
2020/5/4 14:12,39,42
2020/5/4 14:13,38,42
2020/5/4 14:14,39,41
2020/5/4 14:15,39,42
2020/5/4 14:16,37,44
2020/5/4 14:17,37,45
2020/5/4 14:18,37,45
2020/5/4 14:19,37,45
2020/5/4 14:20,37,45
2020/5/4 14:21,36,48
2020/5/4 14:22,37,46
2020/5/4 14:23,38,43
2020/5/4 14:24,38,42
2020/5/4 14:25,38,43
2020/5/4 14:26,38,43
2020/5/4 14:27,38,43
2020/5/4 14:28,38,44
2020/5/4 14:29,37,45
2020/5/4 14:29,37,46
2020/5/4 14:30,36,51
2020/5/4 14:31,35,51
2020/5/4 14:32,35,52
2020/5/4 14:33,35,52
2020/5/4 14:34,36,51
2020/5/4 14:35,36,49
2020/5/4 14:36,37,47
2020/5/4 14:37,37,45
2020/5/4 14:38,37,46
2020/5/4 14:39,37,47
2020/5/4 14:40,38,46
2020/5/4 14:41,38,43
2020/5/4 14:42,37,44
2020/5/4 14:43,37,45
2020/5/4 14:44,36,48
2020/5/4 14:45,36,50
2020/5/4 14:46,35,50
2020/5/4 14:47,34,55
2020/5/4 14:48,34,54
2020/5/4 14:49,34,55
2020/5/4 14:50,34,53
2020/5/4 14:51,34,53
2020/5/4 14:52,34,55
2020/5/4 14:53,34,54
2020/5/4 14:54,35,51
2020/5/4 14:55,35,51
2020/5/4 14:56,34,52
2020/5/4 14:57,35,51
2020/5/4 14:58,34,52
2020/5/4 14:59,34,52
2020/5/4 15:00,34,54
2020/5/4 15:01,34,55
2020/5/4 15:02,34,56
2020/5/4 15:03,33,57
2020/5/4 15:04,33,57
2020/5/4 15:05,33,56
2020/5/4 15:06,33,56
2020/5/4 15:07,34,54
2020/5/4 15:08,33,55
2020/5/4 15:09,33,58
2020/5/4 15:10,33,57
2020/5/4 15:11,32,58
2020/5/4 15:12,33,58
2020/5/4 15:13,33,57
2020/5/4 15:14,34,54
2020/5/4 15:15,34,53
2020/5/4 15:16,34,53
2020/5/4 15:17,34,52
2020/5/4 15:18,33,58
2020/5/4 15:19,33,57
2020/5/4 15:20,34,54
2020/5/4 15:21,35,51
2020/5/4 15:22,35,50
2020/5/4 15:23,35,51
2020/5/4 15:24,35,51
2020/5/4 15:25,34,51
2020/5/4 15:26,35,52
2020/5/4 15:27,34,51
2020/5/4 15:28,34,55
2020/5/4 15:29,34,54
2020/5/4 15:30,34,53
2020/5/4 15:31,34,52
2020/5/4 15:32,34,52
2020/5/4 15:33,35,50
2020/5/4 15:34,35,49
2020/5/4 15:35,35,50
2020/5/4 15:36,35,51
2020/5/4 15:37,34,52
2020/5/4 15:38,34,56
2020/5/4 15:39,34,56
2020/5/4 15:40,34,54
2020/5/4 15:41,34,54
2020/5/4 15:42,34,56
2020/5/4 15:43,33,57
2020/5/4 15:44,34,55
2020/5/4 15:45,34,56
2020/5/4 15:46,33,57
2020/5/4 15:47,33,57
2020/5/4 15:48,33,57
2020/5/4 15:49,34,56
2020/5/4 15:50,34,56
2020/5/4 15:51,34,56
2020/5/4 15:52,34,55
2020/5/4 15:53,34,54
2020/5/4 15:54,33,57
2020/5/4 15:55,33,58
2020/5/4 15:56,34,56
2020/5/4 15:57,33,57
2020/5/4 15:58,34,56
2020/5/4 15:59,34,55
2020/5/4 16:00,34,54
2020/5/4 16:01,34,54
2020/5/4 16:02,34,55
2020/5/4 16:03,34,56
2020/5/4 16:04,34,55
2020/5/4 16:05,34,56
2020/5/4 16:06,33,57
2020/5/4 16:07,33,57
2020/5/4 16:08,33,60
2020/5/4 16:09,33,60
2020/5/4 16:10,33,57
2020/5/4 16:11,33,59
2020/5/4 16:12,33,59
2020/5/4 16:13,33,58
2020/5/4 16:14,33,57
2020/5/4 16:15,34,56
2020/5/4 16:16,33,56
2020/5/4 16:17,33,57
2020/5/4 16:18,33,59
2020/5/4 16:18,33,59
2020/5/4 16:19,33,59
2020/5/4 16:20,33,60
2020/5/4 16:21,33,60
2020/5/4 16:22,32,61
2020/5/4 16:23,32,61
2020/5/4 16:24,32,62
2020/5/4 16:25,32,62
2020/5/4 16:26,32,62
2020/5/4 16:27,32,62
2020/5/4 16:28,32,62
2020/5/4 16:29,31,61
2020/5/4 16:30,32,61
2020/5/4 16:31,32,60
2020/5/4 16:32,32,59
2020/5/4 16:33,32,60
2020/5/4 16:34,32,58
2020/5/4 16:35,33,59
2020/5/4 16:36,33,58
2020/5/4 16:37,33,57
2020/5/4 16:38,33,58
2020/5/4 16:39,33,58
2020/5/4 16:40,33,58
2020/5/4 16:41,32,59
2020/5/4 16:42,32,59
2020/5/4 16:43,32,59
2020/5/4 16:44,31,61
2020/5/4 16:45,32,60
2020/5/4 16:46,32,59
2020/5/4 16:47,31,60
2020/5/4 16:48,32,60
2020/5/4 16:49,32,59
2020/5/4 16:50,32,60
2020/5/4 16:51,31,61
2020/5/4 16:52,32,61
2020/5/4 16:53,32,60
2020/5/4 16:54,32,60
2020/5/4 16:55,32,59
2020/5/4 16:56,32,59
2020/5/4 16:57,32,60
2020/5/4 16:58,32,60
2020/5/4 16:59,32,60
2020/5/4 17:00,32,59
2020/5/4 17:01,32,60
2020/5/4 17:02,32,61
2020/5/4 17:03,31,62
2020/5/4 17:04,31,62
2020/5/4 17:05,31,62
2020/5/4 17:06,31,64
2020/5/4 17:07,31,64
2020/5/4 17:08,31,63
2020/5/4 17:09,31,64
2020/5/4 17:10,31,64
2020/5/4 17:11,31,65
2020/5/4 17:12,31,65
2020/5/4 17:13,31,65
2020/5/4 17:14,31,63
2020/5/4 17:15,31,63
2020/5/4 17:16,32,62
2020/5/4 17:17,32,62
2020/5/4 17:18,32,62
2020/5/4 17:19,31,63
2020/5/4 17:20,31,64
2020/5/4 17:21,31,64
2020/5/4 17:22,31,63
2020/5/4 17:23,31,63
2020/5/4 17:24,31,63
2020/5/4 17:25,31,63
2020/5/4 17:26,31,63
2020/5/4 17:27,31,64
2020/5/4 17:28,31,64
2020/5/4 17:29,31,64
2020/5/4 17:30,31,65
2020/5/4 17:31,31,66
2020/5/4 17:32,31,66
2020/5/4 17:33,30,66
2020/5/4 17:34,30,67
2020/5/4 17:35,30,68
2020/5/4 17:36,30,68
2020/5/4 17:37,30,69
2020/5/4 17:38,30,68
2020/5/4 17:39,30,67
2020/5/4 17:40,31,66
2020/5/4 17:41,31,66
2020/5/4 17:42,30,66
2020/5/4 17:43,30,68
2020/5/4 17:44,30,67
2020/5/4 17:45,30,67
2020/5/4 17:46,30,67
2020/5/4 17:47,30,67
2020/5/4 17:48,30,67
2020/5/4 17:49,30,66
2020/5/4 17:50,30,67
2020/5/4 17:51,30,69
2020/5/4 17:52,29,72
2020/5/4 17:53,29,73
2020/5/4 17:54,29,73
2020/5/4 17:55,29,73
2020/5/4 17:56,29,72
2020/5/4 17:57,29,71
2020/5/4 17:58,29,72
2020/5/4 17:59,29,74
2020/5/4 18:00,29,75
2020/5/4 18:01,29,75
2020/5/4 18:02,29,75
2020/5/4 18:03,29,74
2020/5/4 18:04,29,73
2020/5/4 18:05,29,73
2020/5/4 18:06,29,73
2020/5/4 18:07,29,73
2020/5/4 18:08,29,74
2020/5/4 18:09,29,74
2020/5/4 18:10,29,73
2020/5/4 18:11,29,73
2020/5/4 18:12,29,72
2020/5/4 18:13,29,73
2020/5/4 18:13,29,73
2020/5/4 18:14,29,73
2020/5/4 18:15,29,73
2020/5/4 18:16,29,73
2020/5/4 18:17,29,72
2020/5/4 18:18,29,72
2020/5/4 18:19,29,73
2020/5/4 18:20,29,74
2020/5/4 18:21,29,74
2020/5/4 18:22,29,74
2020/5/4 18:23,29,75
2020/5/4 18:24,29,75
2020/5/4 18:25,29,74
2020/5/4 18:26,29,74
2020/5/4 18:27,29,73
2020/5/4 18:28,28,73
2020/5/4 18:29,29,74
2020/5/4 18:30,29,73
2020/5/4 18:31,29,73
2020/5/4 18:32,29,73
2020/5/4 18:33,29,74
2020/5/4 18:34,29,74
2020/5/4 18:35,29,74
2020/5/4 18:36,29,74
2020/5/4 18:37,29,74
2020/5/4 18:38,29,74
2020/5/4 18:39,28,73
2020/5/4 18:40,28,73
2020/5/4 18:41,28,74
2020/5/4 18:42,29,75
2020/5/4 18:43,29,74
2020/5/4 18:44,28,73
2020/5/4 18:45,29,75
2020/5/4 18:46,29,74
2020/5/4 18:47,28,73
2020/5/4 18:48,28,73
2020/5/4 18:49,28,74
2020/5/4 18:50,28,73
2020/5/4 18:51,29,74
2020/5/4 18:52,29,73
2020/5/4 18:53,28,73
2020/5/4 18:54,28,74
2020/5/4 18:55,28,74
2020/5/4 18:56,28,74
2020/5/4 18:57,28,74
2020/5/4 18:58,28,74
2020/5/4 18:59,28,75
2020/5/4 19:00,28,75
2020/5/4 19:01,28,75
2020/5/4 19:02,28,76
2020/5/4 19:03,28,75
2020/5/4 19:04,28,75
2020/5/4 19:05,28,75
2020/5/4 19:06,28,75
2020/5/4 19:07,28,75
2020/5/4 19:08,28,75
2020/5/4 19:09,28,75
2020/5/4 19:10,28,75
2020/5/4 19:11,28,75
2020/5/4 19:12,28,75
2020/5/4 19:13,28,75
2020/5/4 19:14,28,75
2020/5/4 19:15,28,75
2020/5/4 19:16,28,75
2020/5/4 19:17,28,75
2020/5/4 19:18,28,75
2020/5/4 19:19,28,75
2020/5/4 19:20,28,75
2020/5/4 19:21,28,75
2020/5/4 19:22,28,75
2020/5/4 19:23,28,75
2020/5/4 19:24,28,75
2020/5/4 19:25,28,76
2020/5/4 19:26,28,76
2020/5/4 19:27,28,76
2020/5/4 19:28,28,76
2020/5/4 19:29,28,75
2020/5/4 19:30,28,76
2020/5/4 19:31,28,76
2020/5/4 19:32,28,76
2020/5/4 19:33,28,76
2020/5/4 19:34,28,76
2020/5/4 19:35,28,75
2020/5/4 19:36,28,75
2020/5/4 19:37,28,76
2020/5/4 19:38,28,76
2020/5/4 19:39,28,76
2020/5/4 19:40,28,76
2020/5/4 19:41,28,76
2020/5/4 19:42,28,75
2020/5/4 19:43,28,75
2020/5/4 19:44,28,75
2020/5/4 19:45,28,76
2020/5/4 19:46,28,77
2020/5/4 19:47,28,77
2020/5/4 19:48,28,77
2020/5/4 19:49,28,77
2020/5/4 19:50,28,77
2020/5/4 19:51,28,76
2020/5/4 19:52,28,76
2020/5/4 19:53,28,76
2020/5/4 19:54,28,77
2020/5/4 19:55,28,77
2020/5/4 19:56,28,77
2020/5/4 19:57,28,76
2020/5/4 19:58,28,77
2020/5/4 19:59,27,76
2020/5/4 20:00,27,77
2020/5/4 20:01,27,77
2020/5/4 20:02,27,77
2020/5/4 20:03,27,77
2020/5/4 20:04,28,77
2020/5/4 20:05,28,76
2020/5/4 20:06,28,77
2020/5/4 20:07,27,75
2020/5/4 20:08,27,76
2020/5/4 20:09,28,77
2020/5/4 20:10,28,77
2020/5/4 20:11,28,77
2020/5/4 20:12,27,76
2020/5/4 20:13,27,76
2020/5/4 20:14,27,76
2020/5/4 20:15,28,77
2020/5/4 20:15,28,77
2020/5/4 20:16,27,77
2020/5/4 20:17,27,77
2020/5/4 20:18,27,77
2020/5/4 20:19,27,78
2020/5/4 20:20,27,77
2020/5/4 20:21,27,77
2020/5/4 20:22,27,78
2020/5/4 20:23,27,77
2020/5/4 20:24,28,78
2020/5/4 20:25,27,77
2020/5/4 20:26,27,78
2020/5/4 20:27,27,78
2020/5/4 20:28,27,77
2020/5/4 20:29,27,77
2020/5/4 20:30,27,77
2020/5/4 20:31,27,77
2020/5/4 20:32,27,77
2020/5/4 20:33,27,77
2020/5/4 20:34,27,77
2020/5/4 20:35,28,77
2020/5/4 20:36,28,77
2020/5/4 20:37,28,77
2020/5/4 20:38,28,77
2020/5/4 20:39,27,77
2020/5/4 20:40,27,77
2020/5/4 20:41,27,77
2020/5/4 20:42,27,78
2020/5/4 20:43,27,77
2020/5/4 20:44,27,77
2020/5/4 20:45,27,78
2020/5/4 20:46,27,77
2020/5/4 20:47,28,78
2020/5/4 20:48,28,78
2020/5/4 20:49,28,78
2020/5/4 20:50,28,78
2020/5/4 20:51,28,79
2020/5/4 20:52,27,78
2020/5/4 20:53,27,79
2020/5/4 20:54,27,80
2020/5/4 20:55,27,79
2020/5/4 20:56,27,79
2020/5/4 20:57,27,78
2020/5/4 20:58,27,79
2020/5/4 20:59,27,80
2020/5/4 21:00,27,80
2020/5/4 21:01,27,81
2020/5/4 21:02,27,81
2020/5/4 21:03,27,81
2020/5/4 21:04,27,80
2020/5/4 21:05,27,80
2020/5/4 21:06,27,80
2020/5/4 21:07,27,79
2020/5/4 21:08,27,79
2020/5/4 21:09,27,79
2020/5/4 21:10,27,79
2020/5/4 21:11,27,80
2020/5/4 21:12,27,80
2020/5/4 21:13,27,81
2020/5/4 21:14,27,82
2020/5/4 21:15,27,82
